{"cameraMode":{"drawMode":0,"name":"Shaded","section":"Shading Mode"},"sceneLighting":true,"audioPlay":false,"sceneViewState":{"m_AlwaysRefresh":true,"showFog":true,"showSkybox":true,"showFlares":true,"showImageEffects":true,"showParticleSystems":true,"showVisualEffectGraphs":true,"m_FxEnabled":true},"in2DMode":false,"pivot":{"x":1.6349742412567139,"y":-9.865684509277344,"z":-2.646686553955078},"rotation":{"x":-0.4660385251045227,"y":0.0018558501033112407,"z":-0.0009773242054507137,"w":-0.8847612142562866},"size":22.348262786865236,"orthographic":false}